{
  "MobileNetV3": {
    "auc": 0.841956598875754,
    "params": 1651618
  },
  "ResNet50": {
    "auc": 0.8402056933968055,
    "params": 24037698
  },
  "EfficientNet-B0": {
    "auc": 0.8687181445764507,
    "params": 4339070
  }
}