{
  "fp32_mb": 16.548988342285156,
  "int8_dynamic_mb": 4.473610877990723,
  "int8_static_mb": 4.9695892333984375
}